Thread,Profile,Count,TotalTime,Min,Max,Avg
thread 0,Player::Receive(),16,1.50067,0.00256,0.720128,0.093792
thread 1,Player::Receive(ReadOnlyStream&&),669,2.24768,0.001024,0.007168,0.00335976
ServerLoop,Send->Player::Send->ForEachModule::Server_Send->DashboardScreen Sync Compress,1306,1493.95,0.017408,8.13158,1.14391
ServerLoop,Send->Player::Send->SyncTransforms,666,18.764,0.018176,0.057344,0.0281742
ServerLoop,Send->Player::Send->SubscribeUnsubscribeEntities,666,393.646,0.421376,1.27027,0.591059
ServerLoop,Send->Player::Send,665,2113.01,0.739072,11.4504,3.17745
ServerLoop,ServerUpdate->ForEachEntity::AfterUpdate->Entity<SmallTurboPump>::AfterUpdate,9990,0.710656,0,0.000512,7.11367e-05
ServerLoop,ServerUpdate->ForEachEntity::AfterUpdate->Entity<DockableDoor>::AfterUpdate,666,0.134144,0,0.000768,0.000201417
ServerLoop,ServerUpdate->ForEachEntity::AfterUpdate->Entity<MagicCube>::AfterUpdate,666,0.05888,0,0.000256,8.84084e-05
ServerLoop,ServerUpdate->ForEachEntity::AfterUpdate->Entity<Computer>::AfterUpdate,8658,0.61568,0,0.000512,7.11111e-05
ServerLoop,ServerUpdate->ForEachEntity::AfterUpdate->Entity<Crafter>::AfterUpdate,8658,0.71424,0,0.000512,8.24948e-05
ServerLoop,ServerUpdate->ForEachEntity::AfterUpdate->Entity<BigThruster>::AfterUpdate,3996,0.26752,0,0.000256,6.69469e-05
ServerLoop,ServerUpdate->ForEachEntity::AfterUpdate->Entity<DataJunction>::AfterUpdate,39294,2.49062,0,0.00256,6.33843e-05
ServerLoop,Send->SaveWorld,1,350.06,350.06,350.06,350.06
ServerLoop,ServerUpdate->ForEachEntity::AfterUpdate->Entity<FluidJunction>::AfterUpdate,44622,2.77606,0,0.000512,6.22129e-05
ServerLoop,ServerUpdate->ForEachEntity::AfterUpdate->Entity<HighVoltageJunction>::AfterUpdate,56610,3.56608,0,0.000768,6.29938e-05
ServerLoop,Send->SaveWorld->DashboardScreen Sync Compress,46,14.8708,0.006912,2.65677,0.323278
ServerLoop,ServerUpdate->ForEachEntity::AfterUpdate->Entity<Aileron>::AfterUpdate,31302,2.2039,0,0.000768,7.04078e-05
ServerLoop,ServerUpdate->ForEachEntity::AfterUpdate->Entity<DataBridge>::AfterUpdate,20646,1.33453,0,0.000256,6.46386e-05
ServerLoop,ServerUpdate->ForEachEntity::AfterUpdate->Entity<Numpad>::AfterUpdate,3996,0.297472,0,0.000512,7.44424e-05
ServerLoop,ServerUpdate->ForEachEntity::AfterUpdate->Entity<BigTurboPump>::AfterUpdate,5328,0.491776,0,0.000768,9.23003e-05
ServerLoop,ServerUpdate->ForEachEntity::AfterUpdate->Entity<Buzzer>::AfterUpdate,10656,0.88064,0,0.000512,8.26426e-05
ServerLoop,ServerUpdate->ForEachEntity::AfterUpdate->Entity<TrashCan>::AfterUpdate,5328,0.406784,0,0.000512,7.63483e-05
ServerLoop,ServerUpdate->ForEachEntity::AfterUpdate->Entity<ItemBridge>::AfterUpdate,13986,0.967424,0,0.000512,6.91709e-05
ServerLoop,ServerUpdate->ForEachEntity::AfterUpdate->Entity<DockingPort>::AfterUpdate,11988,13.0437,0,0.008192,0.00108806
ServerLoop,ServerUpdate->ForEachEntity::AfterUpdate->Entity<Propeller>::AfterUpdate,27972,2.03008,0,0.000512,7.25754e-05
ServerLoop,ServerUpdate->ForEachEntity::AfterUpdate->Entity<HighVoltageRelay>::AfterUpdate,29304,1.85011,0,0.000768,6.31351e-05
ServerLoop,ServerUpdate->ForEachEntity::AfterUpdate->Entity<Dashboard>::AfterUpdate,446886,27.234,0,0.02176,6.09418e-05
ServerLoop,ServerUpdate->ForEachEntity::AfterUpdate->Entity<Container>::AfterUpdate,27972,2.03136,0,0.000512,7.26212e-05
ServerLoop,ServerUpdate->ForEachEntity::AfterUpdate->Entity<Beacon>::AfterUpdate,33966,2.38797,0,0.004096,7.03047e-05
ServerLoop,ServerUpdate->ForEachEntity::AfterUpdate->Entity<SolarSensor>::AfterUpdate,6660,0.483072,0,0.000512,7.25333e-05
ServerLoop,ServerUpdate->ForEachEntity::AfterUpdate->Entity<SmallWheel>::AfterUpdate,14652,1.08493,0,0.000512,7.40464e-05
ServerLoop,ServerUpdate->ForEachEntity::AfterUpdate->Entity<HighVoltageBridge>::AfterUpdate,36630,2.34368,0,0.006144,6.39825e-05
ServerLoop,ServerUpdate->ForEachEntity::AfterUpdate->Entity<SpotLight>::AfterUpdate,59274,3.94778,0,0.000512,6.66022e-05
ServerLoop,ServerUpdate->ForEachEntity::AfterUpdate->Entity<Router>::AfterUpdate,17982,645.473,0,0.504576,0.0358955
ServerLoop,ServerUpdate->ForEachEntity::AfterUpdate->Entity<PowerConverter>::AfterUpdate,103896,6.63808,0,0.001024,6.38916e-05
ServerLoop,ServerUpdate->ForEachEntity::AfterUpdate->Entity<LowVoltageBattery>::AfterUpdate,43956,2.88922,0,0.00384,6.57297e-05
ServerLoop,ServerUpdate->ForEachEntity::AfterUpdate->Entity<Build>::AfterUpdate,73260,23.0249,0,0.071168,0.00031429
ServerLoop,ServerUpdate->ForEachEntity::AfterUpdate->Entity<GroundAnchor>::AfterUpdate,17316,15.6493,0,0.00768,0.000903747
ServerLoop,ServerUpdate->ForEachEntity::AfterUpdate->Entity<SolarPanel>::AfterUpdate,452880,27.2829,0,0.01536,6.02432e-05
ServerLoop,ServerUpdate->ForEachEntity::AfterUpdate->Entity<Lamp>::AfterUpdate,61938,4.08627,0,0.000512,6.59736e-05
ServerLoop,ServerUpdate->ForEachEntity::AfterUpdate->Entity<OwnerPad>::AfterUpdate,23310,1.79098,0,0.0064,7.68329e-05
ServerLoop,ServerUpdate->ForEachEntity::AfterUpdate,666,4164.16,5.09619,11.2049,6.2525
ServerLoop,ServerUpdate->PhysicsUpdate,666,2787.87,3.71661,6.31987,4.18599
ServerLoop,ServerUpdate->ForEachEntity::AfterUpdate->Entity<AngularVelocitySensor>::AfterUpdate,6660,0.53504,0,0.000512,8.03363e-05
ServerLoop,ServerUpdate->ForEachEntity::Update->ServerSideEntity::Update->Entity<RCS>::Update,666,0.249856,0,0.001792,0.000375159
ServerLoop,ServerUpdate->ForEachEntity::Update->ServerSideEntity::Update->Entity<Bobblehead>::Update,2664,0.27648,0,0.000512,0.000103784
ServerLoop,ServerUpdate->ForEachEntity::AfterUpdate->Entity<MiniRouter>::AfterUpdate,17982,61.6776,0,0.077056,0.00342996
ServerLoop,ServerUpdate->ForEachEntity::Update->ServerSideEntity::Update->Entity<AltitudeSensor>::Update,3330,10.5974,0.002304,0.041216,0.0031824
ServerLoop,Send->Player::Send->ForEachModule::Server_Send,665,1649.71,0.229376,8.57037,2.48076
ServerLoop,ServerUpdate->ForEachEntity::Update->ServerSideEntity::Update->Entity<SmallFluidTank>::Update,6660,13.9167,0.000768,0.01024,0.00208959
ServerLoop,ServerUpdate->ForEachEntity::Update->ServerSideEntity::Update->Entity<MagicCube>::Update,666,0.615424,0.000512,0.00256,0.00092406
ServerLoop,ServerUpdate->ForEachEntity::Update->ServerSideEntity::Update->Entity<ItemConveyor>::Update,7992,9.46739,0,0.00896,0.00118461
ServerLoop,ServerUpdate->ForEachEntity::AfterUpdate->Entity<SmallPivot>::AfterUpdate,26640,15.3761,0,0.017152,0.000577182
ServerLoop,ServerUpdate->ForEachEntity::Update->ServerSideEntity::Update->Entity<LowVoltageBridge>::Update,33966,2.47808,0,0.000512,7.29577e-05
ServerLoop,ServerUpdate->ForEachEntity::Update->ServerSideEntity::Update->Entity<FluidBridge>::Update,22644,1.60691,0,0.000512,7.09641e-05
ServerLoop,ServerUpdate->ForEachEntity::AfterUpdate->Entity<OreScanner>::AfterUpdate,9324,0.658688,0,0.00768,7.06444e-05
ServerLoop,ServerUpdate->ForEachEntity::Update->ServerSideEntity::Update->Entity<BigThruster>::Update,3996,5.72262,0.000512,0.00768,0.00143209
ServerLoop,ServerUpdate->ForEachEntity::AfterUpdate->Entity<AltitudeSensor>::AfterUpdate,3330,0.238592,0,0.000512,7.16492e-05
ServerLoop,ServerUpdate->ForEachEntity::Update->ServerSideEntity::Update->Entity<DataJunction>::Update,39294,73.5749,0,0.03456,0.00187242
ServerLoop,Send->Player::Send->SyncEntities,666,40.7644,0.041216,10.613,0.0612078
ServerLoop,ServerUpdate->ForEachEntity::Update->ServerSideEntity::Update->Entity<FluidJunction>::Update,44622,3.22842,0,0.006656,7.23503e-05
ServerLoop,ServerUpdate->ForEachEntity::Update->ServerSideEntity::Update->Entity<FluidTank>::Update,18648,36.9244,0.000256,0.04608,0.00198007
ServerLoop,ServerUpdate->ForEachEntity::BeforeUpdate->Entity<Crafter>::BeforeUpdate,8658,182.697,0,0.146432,0.0211015
ServerLoop,ServerUpdate->ForEachEntity::BeforeUpdate->Entity<TrashCan>::BeforeUpdate,5328,0.52224,0,0.002816,9.8018e-05
ServerLoop,ServerUpdate->ForEachEntity::BeforeUpdate->Entity<PowerConverter>::BeforeUpdate,103896,6.78195,0,0.002048,6.52764e-05
ServerLoop,ServerUpdate->ForEachEntity::BeforeUpdate->Entity<FluidValve>::BeforeUpdate,7326,0.520704,0,0.000512,7.10762e-05
ServerLoop,ServerUpdate->ForEachEntity::BeforeUpdate->Entity<SolarPanel>::BeforeUpdate,452880,351.012,0.000512,0.097536,0.000775067
ServerLoop,ServerUpdate->ForEachEntity::BeforeUpdate->Entity<FluidTank>::BeforeUpdate,18648,1.6448,0,0.000768,8.82025e-05
ServerLoop,ServerUpdate->ForEachEntity::Update->ServerSideEntity::Update->Entity<SmallHinge>::Update,4662,5.06061,0.000256,0.007424,0.0010855
ServerLoop,ServerUpdate->ForEachEntity::BeforeUpdate->Entity<DataBridge>::BeforeUpdate,20646,1.51424,0,0.003584,7.3343e-05
ServerLoop,ServerUpdate->ForEachEntity::AfterUpdate->Entity<LowVoltageJunction>::AfterUpdate,117882,7.45037,0,0.019968,6.32019e-05
ServerLoop,ServerUpdate->ForEachEntity::BeforeUpdate->Entity<Wheel>::BeforeUpdate,41292,3.16314,0,0.001024,7.66041e-05
ServerLoop,ServerUpdate->ForEachEntity::Update->ServerSideEntity::Update->Entity<Propeller>::Update,27972,41.4743,0.000512,0.007424,0.00148271
ServerLoop,ServerUpdate->ForEachEntity::BeforeUpdate->Entity<BigTurboPump>::BeforeUpdate,5328,0.558848,0,0.006656,0.000104889
ServerLoop,ServerUpdate->ForEachEntity::AfterUpdate->Entity<TerrainScanner>::AfterUpdate,6660,0.475904,0,0.000256,7.14571e-05
ServerLoop,ServerUpdate->ForEachEntity::BeforeUpdate->Entity<Computer>::BeforeUpdate->XenonScreen::Update _dirty,3330,49.2283,0.0128,0.035584,0.0147833
ServerLoop,ServerUpdate->ForEachEntity::BeforeUpdate->Entity<NavInstrument>::BeforeUpdate,5994,0.588032,0,0.000768,9.81034e-05
ServerLoop,ServerUpdate->ForEachEntity::BeforeUpdate->Entity<OreScanner>::BeforeUpdate,9324,0.875264,0,0.01536,9.38722e-05
ServerLoop,ServerUpdate->ForEachEntity::BeforeUpdate->Entity<Numpad>::BeforeUpdate->XenonScreen::Update _dirty,3996,6.51469,0.00128,0.017408,0.0016303
ServerLoop,ServerUpdate->ForEachEntity::BeforeUpdate->Entity<Build>::BeforeUpdate,73260,5.34426,0,0.00128,7.29492e-05
ServerLoop,ServerUpdate->ForEachEntity::Update->ServerSideEntity::Update->Entity<HighVoltageBridge>::Update,36630,2.69133,0,0.000512,7.34733e-05
ServerLoop,ServerUpdate->ForEachEntity::AfterUpdate->Entity<LowVoltageBridge>::AfterUpdate,33966,2.20211,0,0.000512,6.48328e-05
ServerLoop,ServerUpdate->ForEachEntity::Update->ServerSideEntity::Update->Entity<BigFluidTank>::Update,8658,15.39,0,0.111616,0.00177754
ServerLoop,ServerUpdate->ForEachEntity::Update->ServerSideEntity::Update->Entity<ItemBridge>::Update,13986,1.17146,0,0.001024,8.37592e-05
ServerLoop,Send->Player::Send->SyncPhysics,666,6.20877,0.007936,0.022784,0.00932247
ServerLoop,ServerUpdate->ForEachEntity::BeforeUpdate->Entity<PilotSeat>::BeforeUpdate,28638,2.91072,0,0.004096,0.000101638
ServerLoop,ServerUpdate->ForEachEntity::BeforeUpdate->Entity<SmallPivot>::BeforeUpdate,26640,2.10688,0,0.015104,7.90871e-05
ServerLoop,ServerUpdate->ForEachEntity::BeforeUpdate->Entity<RCS>::BeforeUpdate,666,0.133888,0,0.000512,0.000201033
ServerLoop,ServerUpdate->ForEachEntity::Update->ServerSideEntity::Update->Entity<FluidPort>::Update,19980,1.60384,0,0.006912,8.02723e-05
ServerLoop,ServerUpdate->ForEachEntity::BeforeUpdate->Entity<TerrainScanner>::BeforeUpdate,6660,0.53888,0,0.000512,8.09129e-05
ServerLoop,ServerUpdate->ForEachEntity::BeforeUpdate->Entity<FluidPort>::BeforeUpdate,19980,1.78381,0,0.004352,8.92797e-05
ServerLoop,ServerUpdate->ForEachEntity::AfterUpdate->Entity<NavInstrument>::AfterUpdate,5994,0.442112,0,0.000512,7.37591e-05
ServerLoop,ServerUpdate->ForEachEntity::BeforeUpdate->Entity<ItemJunction>::BeforeUpdate,19980,1.5575,0,0.000768,7.79532e-05
ServerLoop,ServerUpdate->ForEachEntity::AfterUpdate->Entity<FluidTank>::AfterUpdate,18648,1.36115,0,0.000768,7.29918e-05
ServerLoop,ServerUpdate->ForEachEntity::Update->ServerSideEntity::Update->Entity<Dashboard>::Update,446886,367.411,0,0.131584,0.000822159
ServerLoop,ServerUpdate->ForEachEntity::Update->ServerSideEntity::Update->Entity<BigTurboPump>::Update,5328,4.54477,0,0.003328,0.000852997
ServerLoop,ServerUpdate->ForEachEntity::BeforeUpdate->Entity<SpeedSensor>::BeforeUpdate,8658,0.950784,0,0.001024,0.000109816
ServerLoop,ServerUpdate->ForEachEntity::BeforeUpdate->Entity<DockingPort>::BeforeUpdate,11988,7.18285,0,0.004608,0.00059917
ServerLoop,ServerUpdate->ForEachEntity::Update->ServerSideEntity::Update->Entity<DataBridge>::Update,20646,34.4133,0,0.02688,0.00166683
ServerLoop,ServerUpdate->ForEachEntity::BeforeUpdate->Entity<HighVoltageRelay>::BeforeUpdate,29304,1.88595,0,0.000512,6.43582e-05
ServerLoop,ServerUpdate->ForEachEntity::AfterUpdate->Entity<RCS>::AfterUpdate,666,0.078336,0,0.000512,0.000117622
ServerLoop,ServerUpdate->ForEachEntity::BeforeUpdate->Entity<Propeller>::BeforeUpdate,27972,2.50035,0,0.001024,8.93877e-05
ServerLoop,ServerUpdate->ForEachEntity::BeforeUpdate->Entity<MiniComputer>::BeforeUpdate,29304,4569.3,0.063744,5.8775,0.155928
ServerLoop,ServerUpdate->ForEachEntity::AfterUpdate->Entity<PushButton>::AfterUpdate,11988,0.812544,0,0.000256,6.77798e-05
ServerLoop,ServerUpdate->ForEachEntity::BeforeUpdate->Entity<BigFluidTank>::BeforeUpdate,8658,0.846336,0,0.000512,9.77519e-05
ServerLoop,ServerUpdate->ForEachEntity::BeforeUpdate->Entity<MiniRouter>::BeforeUpdate,17982,1.64454,0,0.001024,9.1455e-05
ServerLoop,ServerUpdate->ForEachEntity::BeforeUpdate->Entity<GroundAnchor>::BeforeUpdate,17316,3.92883,0,0.001792,0.00022689
ServerLoop,ServerUpdate->ForEachEntity::AfterUpdate->ServerSideEntity::RefreshCache,3770226,348.196,0,0.060928,9.23542e-05
ServerLoop,ServerUpdate->ForEachEntity::Update,666,10241.6,12.8863,25.4761,15.3778
ServerLoop,ServerUpdate->ForEachEntity::BeforeUpdate->Entity<Avatar>::BeforeUpdate,666,0.105472,0,0.000512,0.000158366
ServerLoop,ServerUpdate->ForEachEntity::Update->ServerSideEntity::Update->Entity<Build>::Update,73260,1418.37,0,0.232704,0.0193608
ServerLoop,Send,665,2463.82,0.73984,354.561,3.70499
ServerLoop,ServerUpdate->ForEachEntity::BeforeUpdate->Entity<OwnerPad>::BeforeUpdate->XenonScreen::Update _dirty,23310,21.4612,0.000512,0.00768,0.000920688
ServerLoop,ServerUpdate->ForEachEntity::BeforeUpdate->Entity<HighVoltageJunction>::BeforeUpdate,56610,3.79059,0,0.000768,6.69598e-05
ServerLoop,ServerUpdate->ForEachEntity::BeforeUpdate->Entity<ToggleButton>::BeforeUpdate,81252,6.77146,0,0.001792,8.33389e-05
ServerLoop,ServerUpdate->ForEachEntity::Update->ServerSideEntity::Update->Entity<Numpad>::Update,3996,0.386304,0,0.000512,9.66727e-05
ServerLoop,ServerUpdate->ForEachEntity::BeforeUpdate->Entity<LowVoltageBattery>::BeforeUpdate,43956,3.47648,0,0.00128,7.909e-05
ServerLoop,ServerUpdate->ForEachModule::Server_AfterUpdate,17316,2.67187,0,0.005376,0.000154301
ServerLoop,ServerUpdate->ForEachEntity::BeforeUpdate->Entity<Buzzer>::BeforeUpdate,10656,1.29357,0,0.006656,0.000121393
ServerLoop,ServerUpdate->ForEachEntity::BeforeUpdate->Entity<HighVoltageBridge>::BeforeUpdate,36630,2.52237,0,0.000512,6.88607e-05
ServerLoop,ServerUpdate->ForEachEntity::BeforeUpdate->Entity<AngularVelocitySensor>::BeforeUpdate,6660,0.763648,0,0.000512,0.000114662
ServerLoop,ServerUpdate->ForEachEntity::BeforeUpdate->Entity<RTG>::BeforeUpdate,1092906,63.2184,0,0.01536,5.78443e-05
ServerLoop,ServerUpdate->ForEachEntity::AfterUpdate->Entity<BigFluidTank>::AfterUpdate,8658,0.611072,0,0.000768,7.05789e-05
ServerLoop,ServerUpdate->ForEachEntity::Update->ServerSideEntity::Update->Entity<Crafter>::Update,8658,6.7136,0,0.00768,0.000775422
ServerLoop,ServerUpdate->ForEachEntity::BeforeUpdate->Entity<BigThruster>::BeforeUpdate,3996,0.322816,0,0.000512,8.07848e-05
ServerLoop,ServerUpdate->ForEachEntity::BeforeUpdate->Entity<OwnerPad>::BeforeUpdate,23310,920.331,0.029184,0.235264,0.0394823
ServerLoop,ServerUpdate->ForEachEntity::Update->ServerSideEntity::Update->Entity<SpeedSensor>::Update,8658,6.25562,0,0.003072,0.000722524
ServerLoop,ServerUpdate->ForEachEntity::BeforeUpdate->Entity<Electrolyser>::BeforeUpdate,15318,1.31917,0,0.000512,8.61188e-05
ServerLoop,ServerUpdate->ForEachEntity::AfterUpdate->Entity<ItemConveyor>::AfterUpdate,7992,0.582144,0,0.000512,7.28408e-05
ServerLoop,ServerUpdate->ForEachEntity::Update->ServerSideEntity::Update->Entity<SpotLight>::Update,59274,21.1402,0,0.035328,0.000356653
ServerLoop,ServerUpdate->ForEachEntity::BeforeUpdate,666,9331.08,12.2043,19.8244,14.0106
ServerLoop,ServerUpdate->ForEachEntity::AfterUpdate->Entity<FluidValve>::AfterUpdate,7326,0.493312,0,0.000256,6.73372e-05
ServerLoop,ServerUpdate->ForEachEntity::Update->ServerSideEntity::Update->Entity<HighVoltageRelay>::Update,29304,6.36902,0,0.001536,0.000217343
ServerLoop,ServerUpdate->ForEachEntity::AfterUpdate->Entity<MiningDrill>::AfterUpdate,15318,220.933,0.010496,0.055552,0.0144231
ServerLoop,ServerUpdate->ForEachEntity::BeforeUpdate->Entity<DataJunction>::BeforeUpdate,39294,2.61453,0,0.000512,6.65376e-05
ServerLoop,ServerUpdate->ForEachEntity::AfterUpdate->Entity<SmallFluidTank>::AfterUpdate,6660,0.456704,0,0.001024,6.85742e-05
ServerLoop,ServerUpdate->ForEachEntity::BeforeUpdate->Entity<Dashboard>::BeforeUpdate,446886,26.7579,0,0.015872,5.98763e-05
ServerLoop,ServerUpdate->ForEachEntity::BeforeUpdate->Entity<SmallWheel>::BeforeUpdate,14652,1.36218,0,0.000768,9.29686e-05
ServerLoop,ServerUpdate->ForEachEntity::BeforeUpdate->Entity<SmallHinge>::BeforeUpdate,4662,0.39552,0,0.000512,8.48391e-05
ServerLoop,ServerUpdate->ForEachModule::Server_BeforeUpdate,17316,52.8271,0,0.43136,0.00305077
ServerLoop,ServerUpdate->ForEachEntity::BeforeUpdate->Entity<SmallTurboPump>::BeforeUpdate,9990,0.888832,0,0.000512,8.89722e-05
ServerLoop,ServerUpdate->ForEachEntity::AfterUpdate->Entity<ToggleButton>::AfterUpdate,81252,5.47814,0,0.000768,6.74217e-05
ServerLoop,ServerUpdate,666,26595.5,35.2279,55.4068,39.9332
ServerLoop,ServerUpdate->ForEachEntity::BeforeUpdate->Entity<LowVoltageJunction>::BeforeUpdate,117882,7.61421,0,0.00128,6.45918e-05
ServerLoop,ServerUpdate->ForEachEntity::AfterUpdate->Entity<MiniComputer>::AfterUpdate,29304,2.13453,0,0.000768,7.28408e-05
ServerLoop,ServerUpdate->ForEachEntity::Update->ServerSideEntity::Update->Entity<TrashCan>::Update,5328,0.989696,0,0.001024,0.000185754
ServerLoop,ServerUpdate->ForEachEntity::BeforeUpdate->Entity<LowVoltageRelay>::BeforeUpdate,13986,0.956928,0,0.000768,6.84204e-05
ServerLoop,ServerUpdate->ForEachEntity::BeforeUpdate->Entity<Router>::BeforeUpdate,17982,1.72262,0,0.001536,9.57971e-05
ServerLoop,ServerUpdate->ForEachEntity::BeforeUpdate->Entity<HighVoltageBattery>::BeforeUpdate,309024,20.3758,0,0.085248,6.5936e-05
ServerLoop,ServerUpdate->ForEachEntity::BeforeUpdate->Entity<SpotLight>::BeforeUpdate,59274,4.90547,0,0.037632,8.27593e-05
ServerLoop,ServerUpdate->ForEachEntity::BeforeUpdate->Entity<MagicCube>::BeforeUpdate,666,0.086528,0,0.000512,0.000129922
ServerLoop,ServerUpdate->ForEachEntity::AfterUpdate->Entity<Bobblehead>::AfterUpdate,2664,0.190976,0,0.000512,7.16877e-05
ServerLoop,ServerUpdate->ForEachEntity::Update->ServerSideEntity::Update->Entity<PowerConverter>::Update,103896,7.1255,0,0.007168,6.8583e-05
ServerLoop,ServerUpdate->ForEachEntity::BeforeUpdate->Entity<Aileron>::BeforeUpdate,31302,2.7223,0,0.000768,8.6969e-05
ServerLoop,ServerUpdate->ForEachEntity::BeforeUpdate->Entity<DockableDoor>::BeforeUpdate->XenonScreen::Update _dirty,666,1.13997,0.00128,0.003072,0.00171166
ServerLoop,ServerUpdate->ForEachEntity::Update->ServerSideEntity::Update->Entity<OwnerPad>::Update,23310,2.16525,0,0.000768,9.28892e-05
ServerLoop,ServerUpdate->ForEachEntity::Update->ServerSideEntity::Update->Entity<FluidValve>::Update,7326,0.580608,0,0.01664,7.92531e-05
ServerLoop,ServerUpdate->ForEachEntity::BeforeUpdate->Entity<MiningDrill>::BeforeUpdate,15318,1.43642,0,0.009984,9.37731e-05
ServerLoop,ServerUpdate->ForEachEntity::Update->ServerSideEntity::Update->Entity<SmallPivot>::Update,26640,26.3288,0.000256,0.005376,0.00098832
ServerLoop,ServerUpdate->ForEachEntity::AfterUpdate->Entity<Wheel>::AfterUpdate,41292,2.72691,0,0.007424,6.60397e-05
ServerLoop,ServerUpdate->ForEachEntity::Update->ServerSideEntity::Update->Entity<LowVoltageRelay>::Update,13986,3.13651,0,0.019968,0.000224261
ServerLoop,ServerUpdate->ForEachEntity::BeforeUpdate->Entity<Beacon>::BeforeUpdate,33966,3.32928,0,0.001024,9.8018e-05
ServerLoop,ServerUpdate->ForEachEntity::AfterUpdate->Entity<Electrolyser>::AfterUpdate,15318,1.0688,0,0.000512,6.97741e-05
ServerLoop,ServerUpdate->ForEachEntity::Update->ServerSideEntity::Update->Entity<SmallTurboPump>::Update,9990,5.39059,0,0.002816,0.000539599
ServerLoop,ServerUpdate->ForEachEntity::BeforeUpdate->Entity<FluidBridge>::BeforeUpdate,22644,1.41491,0,0.001024,6.24851e-05
ServerLoop,ServerUpdate->ForEachEntity::BeforeUpdate->Entity<Lamp>::BeforeUpdate,61938,4.67226,0,0.001024,7.54344e-05
ServerLoop,ServerUpdate->ForEachEntity::BeforeUpdate->Entity<ItemConveyor>::BeforeUpdate,7992,0.866304,0,0.008192,0.000108396
ServerLoop,ServerUpdate->ForEachEntity::Update->ServerSideEntity::Update->Entity<MiningDrill>::Update,15318,1.2695,0,0.000512,8.28766e-05
ServerLoop,Send->SaveWorld->Terminal Sync Compress,15,7.73248,0.15104,0.729344,0.515499
ServerLoop,ServerUpdate->ForEachEntity::Update->ServerSideEntity::Update->Entity<DockableDoor>::Update,666,0.06656,0,0.000256,9.99399e-05
ServerLoop,ServerUpdate->ForEachEntity::Update->ServerSideEntity::Update->Entity<Buzzer>::Update,10656,3.39738,0,0.036352,0.000318823
ServerLoop,ServerUpdate->ForEachEntity::BeforeUpdate->Entity<Crusher>::BeforeUpdate,7992,0.811776,0,0.000512,0.000101574
ServerLoop,ServerUpdate->ForEachEntity::Update->ServerSideEntity::Update->Entity<Computer>::Update,8658,0.643584,0,0.000512,7.4334e-05
ServerLoop,ServerUpdate->ForEachEntity::BeforeUpdate->Entity<Container>::BeforeUpdate,27972,2.96422,0,0.000768,0.000105971
ServerLoop,ServerUpdate->ForEachEntity::BeforeUpdate->Entity<Computer>::BeforeUpdate,8658,1271.64,0.066816,0.747008,0.146874
ServerLoop,ServerUpdate->ForEachEntity::Update->ServerSideEntity::Update->Entity<Avatar>::Update,666,1.43718,0.001536,0.008192,0.00215793
ServerLoop,ServerUpdate->ForEachEntity::Update->ServerSideEntity::Update->Entity<Dashboard>::Update->XenonScreen::Update _dirty,44622,212.586,0,0.097792,0.00476415
ServerLoop,ServerUpdate->ForEachEntity::BeforeUpdate->Entity<LowVoltageBridge>::BeforeUpdate,33966,2.32858,0,0.001024,6.85561e-05
ServerLoop,ServerUpdate->ForEachEntity::BeforeUpdate->Entity<DockableDoor>::BeforeUpdate,666,33.1003,0.041728,0.104704,0.0497001
ServerLoop,ServerUpdate->ForEachEntity::Update->ServerSideEntity::Update->Entity<Container>::Update,27972,50.2623,0,0.096768,0.00179688
ServerLoop,ServerUpdate->ForEachEntity::Update->ServerSideEntity::Update->BaseEntity::Update,3770226,202.779,0,0.02816,5.37844e-05
ServerLoop,ServerUpdate->ForEachEntity::BeforeUpdate->Entity<PushButton>::BeforeUpdate,11988,0.952064,0,0.000768,7.94181e-05
ServerLoop,ServerUpdate->ForEachEntity::BeforeUpdate->Entity<SmallFluidTank>::BeforeUpdate,6660,0.595712,0,0.000768,8.94462e-05
ServerLoop,ServerUpdate->ForEachEntity::AfterUpdate->Entity<ItemJunction>::AfterUpdate,19980,1.30637,0,0.000768,6.53838e-05
ServerLoop,ServerUpdate->ForEachEntity::BeforeUpdate->Entity<Bobblehead>::BeforeUpdate,2664,0.283904,0,0.006912,0.000106571
ServerLoop,ServerUpdate->ForEachEntity::Update->ServerSideEntity::Update,3770226,7461.26,0.000512,0.407296,0.001979
ServerLoop,ServerUpdate->ForEachEntity::Update->ServerSideEntity::Update->Entity<OreScanner>::Update,9324,117.444,0.000256,0.40448,0.0125959
ServerLoop,ServerUpdate->ForEachEntity::AfterUpdate->Entity<FluidBridge>::AfterUpdate,22644,1.45741,0,0.013824,6.43618e-05
ServerLoop,ServerUpdate->ForEachEntity::AfterUpdate->Entity<HighVoltageBattery>::AfterUpdate,309024,19.081,0,0.01024,6.17459e-05
ServerLoop,ServerUpdate->ForEachEntity::Update->ServerSideEntity::RefreshCache,3770226,309.767,0,0.10496,8.21615e-05
ServerLoop,ServerUpdate->ForEachEntity::AfterUpdate->Entity<Crusher>::AfterUpdate,7992,0.57728,0,0.000512,7.22322e-05
ServerLoop,ServerUpdate->ForEachEntity::Update->ServerSideEntity::Update->Entity<SolarPanel>::Update,452880,195.109,0,0.057344,0.000430819
ServerLoop,ServerUpdate->ForEachEntity::AfterUpdate->Entity<LowVoltageRelay>::AfterUpdate,13986,0.92416,0,0.000512,6.60775e-05
ServerLoop,ServerUpdate->ForEachEntity::Update->ServerSideEntity::Update->Entity<ToggleButton>::Update,81252,66.0521,0,0.021248,0.000812929
ServerLoop,ServerUpdate->ForEachEntity::Update->ServerSideEntity::Update->Entity<GroundAnchor>::Update,17316,4.88474,0,0.009728,0.000282094
ServerLoop,ServerUpdate->ForEachEntity::AfterUpdate->Entity<PilotSeat>::AfterUpdate,28638,2.03776,0,0.000512,7.11558e-05
ServerLoop,ServerUpdate->ForEachEntity::Update->ServerSideEntity::Update->Entity<RTG>::Update,1092906,675.546,0,0.124416,0.000618119
ServerLoop,ServerUpdate->ForEachEntity::BeforeUpdate->Entity<AltitudeSensor>::BeforeUpdate,3330,0.315136,0,0.000512,9.46354e-05
ServerLoop,ServerUpdate->ForEachEntity::Update->ServerSideEntity::Update->Entity<Electrolyser>::Update,15318,42.6004,0,0.024576,0.00278107
ServerLoop,ServerUpdate->ForEachEntity::AfterUpdate->Entity<SpeedSensor>::AfterUpdate,8658,0.659712,0,0.000768,7.61968e-05
ServerLoop,ServerUpdate->ForEachEntity::Update->ServerSideEntity::Update->Entity<ThrottleLever>::Update,11322,5.51398,0,0.002304,0.000487015
ServerLoop,ServerUpdate->ForEachEntity::AfterUpdate->Entity<FluidPort>::AfterUpdate,19980,1.42003,0,0.000512,7.10727e-05
ServerLoop,ServerUpdate->ForEachEntity::Update->ServerSideEntity::Update->Entity<AngularVelocitySensor>::Update,6660,8.19482,0,0.016384,0.00123045
ServerLoop,ServerUpdate->ForEachEntity::Update->ServerSideEntity::Update->Entity<LowVoltageJunction>::Update,117882,10.1082,0,0.001024,8.57481e-05
ServerLoop,ServerUpdate->ForEachEntity::Update->ServerSideEntity::Update->Entity<LowVoltageBattery>::Update,43956,52.5268,0,0.17152,0.00119499
ServerLoop,ServerUpdate->ForEachEntity::Update->ServerSideEntity::Update->Entity<HighVoltageBattery>::Update,309024,287.038,0,0.073984,0.000928855
ServerLoop,ServerUpdate->ForEachEntity::Update->ServerSideEntity::Update->Entity<Router>::Update,17982,1.31558,0,0.000768,7.31612e-05
ServerLoop,ServerUpdate->ForEachEntity::AfterUpdate->Entity<Avatar>::AfterUpdate,666,0.161024,0,0.001024,0.000241778
ServerLoop,ServerUpdate->ForEachEntity::BeforeUpdate->Entity<SolarSensor>::BeforeUpdate,6660,9.81299,0.000768,0.005632,0.00147342
ServerLoop,ServerUpdate->ForEachEntity::Update->ServerSideEntity::Update->Entity<MiniComputer>::Update,29304,2.28429,0,0.001024,7.79514e-05
ServerLoop,ServerUpdate->ForEachEntity::BeforeUpdate->Entity<ItemBridge>::BeforeUpdate,13986,1.10362,0,0.000768,7.89086e-05
ServerLoop,ServerUpdate->ForEachEntity::Update->ServerSideEntity::Update->Entity<SmallWheel>::Update,14652,22.4924,0.000256,0.016128,0.00153511
ServerLoop,ServerUpdate->ForEachEntity::BeforeUpdate->Entity<ThrottleLever>::BeforeUpdate,11322,0.899072,0,0.000512,7.94093e-05
ServerLoop,ServerUpdate->ForEachEntity::Update->ServerSideEntity::Update->Entity<NavInstrument>::Update,5994,9.27027,0,0.033536,0.00154659
ServerLoop,ServerUpdate->ForEachEntity::AfterUpdate->Entity<SmallHinge>::AfterUpdate,4662,2.37875,0,0.001792,0.000510243
ServerLoop,ServerUpdate->ForEachEntity::Update->ServerSideEntity::Update->Entity<SolarSensor>::Update,6660,5.05984,0,0.003584,0.000759736
ServerLoop,ServerUpdate->ForEachEntity::Update->ServerSideEntity::Update->Entity<Beacon>::Update,33966,41.4746,0,0.019712,0.00122106
ServerLoop,ServerUpdate->ForEachEntity::AfterUpdate->Entity<RTG>::AfterUpdate,1092906,64.3466,0,0.008192,5.88766e-05
ServerLoop,ServerUpdate->ForEachEntity::BeforeUpdate->Entity<Numpad>::BeforeUpdate,3996,220.333,0.043008,0.168448,0.0551385
ServerLoop,ServerUpdate->ForEachEntity::Update->ServerSideEntity::Update->Entity<PushButton>::Update,11988,6.40435,0,0.003328,0.00053423
ServerLoop,ServerUpdate->ForEachEntity::Update->ServerSideEntity::Update->Entity<MiniRouter>::Update,17982,1.2823,0,0.000512,7.13104e-05
ServerLoop,ServerUpdate->ForEachEntity::Update->ServerSideEntity::Update->Entity<ItemJunction>::Update,19980,1.60691,0,0.000512,8.0426e-05
ServerLoop,ServerUpdate->ForEachEntity::Update->ServerSideEntity::Update->Entity<Lamp>::Update,61938,18.5774,0,0.011776,0.000299936
ServerLoop,ServerUpdate->ForEachEntity::Update->ServerSideEntity::Update->Entity<Crusher>::Update,7992,2.17498,0,0.007168,0.000272144
ServerLoop,ServerUpdate->ForEachEntity::Update->ServerSideEntity::Update->Entity<DockingPort>::Update,11988,1.0432,0,0.007424,8.70204e-05
ServerLoop,ServerUpdate->ForEachEntity::Update->ServerSideEntity::Update->Entity<PilotSeat>::Update,28638,35.564,0,0.018176,0.00124185
ServerLoop,ServerUpdate->ForEachEntity::Update->ServerSideEntity::Update->Entity<TerrainScanner>::Update,6660,39.6209,0,0.122368,0.00594908
ServerLoop,ServerUpdate->ForEachEntity::Update->ServerSideEntity::Update->Entity<Wheel>::Update,41292,73.9384,0.000512,0.023296,0.00179062
ServerLoop,ServerUpdate->ForEachEntity::BeforeUpdate->Entity<FluidJunction>::BeforeUpdate,44622,2.92454,0,0.000768,6.55404e-05
ServerLoop,ServerUpdate->ForEachEntity::Update->ServerSideEntity::Update->Entity<Aileron>::Update,31302,15.232,0,0.012544,0.000486614
ServerLoop,ServerUpdate->ForEachEntity::AfterUpdate->Entity<ThrottleLever>::AfterUpdate,11322,0.785664,0,0.000512,6.93927e-05
ServerLoop,ServerUpdate->ForEachEntity::Update->ServerSideEntity::Update->Entity<HighVoltageJunction>::Update,56610,5.19066,0,0.000512,9.16915e-05
thread 3,BaseEntity::Update,5724180,374.791,0,0.029952,6.5475e-05
